{"cameraMode":{"drawMode":0,"name":"Shaded","section":"Shading Mode"},"sceneLighting":true,"audioPlay":false,"sceneViewState":{"m_AlwaysRefresh":false,"showFog":true,"showSkybox":true,"showFlares":true,"showImageEffects":true,"showParticleSystems":true,"showVisualEffectGraphs":true,"m_FxEnabled":true},"in2DMode":false,"pivot":{"x":443.0009460449219,"y":181.14920043945313,"z":-0.19073486328125},"rotation":{"x":-0.03898121789097786,"y":0.022481044754385949,"z":0.000877048063557595,"w":0.9989909529685974},"size":272.11920166015627,"orthographic":true}