{"cameraMode":{"drawMode":0,"name":"Shaded","section":"Shading Mode"},"sceneLighting":false,"audioPlay":false,"sceneViewState":{"m_AlwaysRefresh":false,"showFog":true,"showSkybox":false,"showFlares":true,"showImageEffects":true,"showParticleSystems":true,"showVisualEffectGraphs":true,"m_FxEnabled":true},"in2DMode":false,"pivot":{"x":-21.537242889404298,"y":0.7827839851379395,"z":2.3798670768737795},"rotation":{"x":0.3753814995288849,"y":0.05417531728744507,"z":-0.021987000480294229,"w":0.9250341653823853},"size":3.843585968017578,"orthographic":false}